<?xml version="1.0" encoding="UTF-8"?>
<metadata modelVersion="1.1.0">
  <groupId>com.mycompany.app</groupId>
  <artifactId>my-app</artifactId>
  <version>0.0.0-SNAPSHOT</version>
  <versioning>
    <snapshot>
      <localCopy>true</localCopy>
    </snapshot>
    <lastUpdated>20150715175455</lastUpdated>
    <snapshotVersions>
      <snapshotVersion>
        <extension>jar</extension>
        <value>0.0.0-SNAPSHOT</value>
        <updated>20150715175455</updated>
      </snapshotVersion>
      <snapshotVersion>
        <extension>pom</extension>
        <value>0.0.0-SNAPSHOT</value>
        <updated>20150715175455</updated>
      </snapshotVersion>
    </snapshotVersions>
  </versioning>
</metadata>
