<?xml version="1.0" encoding="UTF-8"?>
<metadata>
  <groupId>org.codehaus.mojo</groupId>
  <artifactId>versions-maven-plugin</artifactId>
  <versioning>
    <latest>2.2</latest>
    <release>2.2</release>
    <versions>
      <version>1.0-alpha-1</version>
      <version>1.0-alpha-2</version>
      <version>1.0-alpha-3</version>
      <version>1.0</version>
      <version>1.1</version>
      <version>1.2</version>
      <version>1.3</version>
      <version>1.3.1</version>
      <version>2.0</version>
      <version>2.1</version>
      <version>2.2</version>
    </versions>
    <lastUpdated>20150429191456</lastUpdated>
  </versioning>
</metadata>
